"FAX","Aberdeen Asia-Pacific Income Fund Inc","2077366922.24","n/a","n/a","amex"
"IAF","Aberdeen Australia Equity Fund Inc","233642152.35","n/a","n/a","amex"
"CH","Aberdeen Chile Fund, Inc.","142956349.31","n/a","n/a","amex"
"ETF","Aberdeen Emerging Markets Telecommunications and Infrastructur","170705965.5","n/a","n/a","amex"
"FCO","Aberdeen Global Income Fund, Inc.","129916388.91","n/a","n/a","amex"
"IF","Aberdeen Indonesia Fund, Inc.","113325331.4","n/a","n/a","amex"
"ISL","Aberdeen Israel Fund, Inc.","56078098.7","n/a","n/a","amex"
"AXK","Accelr8 Technology Corporation","43858299.65","Capital Goods","Biotechnology: Laboratory Analytical Instruments","amex"
"ACU","Acme United Corporation.","36840890.2986","Capital Goods","Industrial Machinery/Components","amex"
"AQ","Acquity Group Limited","235869592.3","Miscellaneous","Business Services","amex"
"AE","Adams Resources & Energy, Inc.","133993024.92","Energy","Oil Refining/Marketing","amex"
"ADK","Adcare Health Systems Inc","67710895.56","Health Care","Hospital/Nursing Management","amex"
"API","Advanced Photonix, Inc.","19008299.67","Technology","Semiconductors","amex"
"ANX","ADVENTRX Pharmaceuticals, Inc.","34379168.3345","Consumer Durables","Major Pharmaceuticals","amex"
"ACY","AeroCentury Corp.","19445038.2","Technology","Diversified Commercial Services","amex"
"AIM","Aerosonic Corporation","13302734.66","Capital Goods","Industrial Machinery/Components","amex"
"AA^","Alcoa Inc.","0","Capital Goods","Metal Fabrications","amex"
"AXX","Alderon Iron Ore Corp.","232600058.93","Basic Industries","Precious Metals","amex"
"AXU","Alexco Resource Corp","232651257.3","Basic Industries","Precious Metals","amex"
"ANV","Allied Nevada Gold Corp.","3535333171.35","Basic Industries","Precious Metals","amex"
"AAU","Almaden Minerals, Ltd.","150424695.34","Basic Industries","Precious Metals","amex"
"APT","Alpha Pro Tech, Ltd.","33600241.8","Health Care","Industrial Specialties","amex"
"DIT","AMCON Distributing Company","37877035.17","Consumer Non-Durables","Food Distributors","amex"
"APP","American Apparel Inc","112532739.72","Finance","Business Services","amex"
"ADGE","American DG Energy Inc.","117988227","Energy","Electric Utilities: Central","amex"
"ALN","American Lorain Corporation","47965944.86","Consumer Non-Durables","Packaged Foods","amex"
"AMS","American Shared Hospital Services","13357023","Health Care","Medical Specialities","amex"
"AQQ","American Spectrum Realty, Inc.","13525687.57","Consumer Services","Real Estate Investment Trusts","amex"
"AXN","Aoxing Pharmaceutical Company, Inc.","13396053.51","Consumer Durables","Major Pharmaceuticals","amex"
"BRD","Apollo Gold Corporation","221996559.72","Basic Industries","Precious Metals","amex"
"AGX","Argan, Inc.","230703863.75","Basic Industries","Engineering & Construction","amex"
"ARR/WS","Armour Residential R","0","n/a","n/a","amex"
"HRT","Arrhythmia Research Technology Inc.","6473992.48","Health Care","Biotechnology: Electromedical & Electrotherapeutic Apparatus","amex"
"ATC","ATC Venture Group Inc.","1101635.84","Capital Goods","Auto Parts:O.E.M.","amex"
"ATL","Atlatsa Resources Corporation","37127290.1847","Basic Industries","Precious Metals","amex"
"AZC","Augusta Resource Corporation","399111001.38","Basic Industries","Precious Metals","amex"
"AZK","Aurizon Mines, Ltd.","771658958.63","Basic Industries","Precious Metals","amex"
"AWX","Avalon Holdings Corporation","15631690.41","Public Utilities","Environmental Services","amex"
"AVL","Avalon Rare Metals, Inc.","181338475.5","Basic Industries","Precious Metals","amex"
"ASM","Avino Silver","40953338.16","Basic Industries","Precious Metals","amex"
"BONE","Bacterin International Holdings, Inc.","53910290.96","Health Care","Biotechnology: Biological Products (No Diagnostic Substances)","amex"
"BKR","Baker (Michael) Corporation","217280028.9","Consumer Services","Other Consumer Services","amex"
"BTN","Ballantyne Strong, Inc","57952550.36","Miscellaneous","Industrial Machinery/Components","amex"
"BKJ","Bancorp of New Jersey, Inc","54933132.6","Finance","Major Banks","amex"
"BCV","Bancroft Convertible Fund, Inc.","88290621.1","n/a","n/a","amex"
"BAA","BANRO CORPORATION","923531148.6","Basic Industries","Precious Metals","amex"
"BHB","Bar Harbor Bankshares, Inc.","139905949.05","Finance","Major Banks","amex"
"BRN","Barnwell Industries, Inc.","27729313.716","Energy","Oil & Gas Production","amex"
"BXE","Bellatrix Exploration Ltd","473470289.6","Energy","Oil & Gas Production","amex"
"BIR^A","Berkshire Income Realty, Inc.","0","n/a","n/a","amex"
"BTX","BioTime, Inc.","193301941.6","Health Care","Biotechnology: Biological Products (No Diagnostic Substances)","amex"
"BMJ","Birks & Mayors Inc.","12530743.5","Consumer Services","Consumer Specialties","amex"
"BZM","BlackRock Maryland Municipal Bond Trust","37669522.8","n/a","n/a","amex"
"BLE","BlackRock Municipal Income Trust II","394128295.8","n/a","n/a","amex"
"BLJ","Blackrock New Jersey Municipal Bond Trust","42433599.9312","n/a","n/a","amex"
"BFY","BlackRock New York Municipal Income Trust II","83119249.62","n/a","n/a","amex"
"BPS","BlackRock Pennsylvania Strategic Municipal Trust (The)","31828404.51","n/a","n/a","amex"
"BHV","BlackRock Virginia Municipal Bond Trust","32112242.82","n/a","n/a","amex"
"BDR","Blonder Tongue Laboratories, Inc.","7106245.1748","Technology","Radio And Television Broadcasting And Communications Equipment","amex"
"BVX","Bovie Medical Corporation","59555057.15","Health Care","Medical/Dental Instruments","amex"
"BWL/A","Bowl America, Inc.","0","Consumer Services","Services-Misc. Amusement & Recreation","amex"
"BZC","Breeze-Eastern Corporation","73772140.68","Capital Goods","Military/Government/Technical","amex"
"BTI","British American Tobacco  Industries, p.l.c.","99265701688.92","Consumer Non-Durables","Farming/Seeds/Milling","amex"
"CAK","CAMAC Energy Inc.","66963459.25","Energy","Oil & Gas Production","amex"
"CDY","Cardero Resource Corporation","56021407.7454","Basic Industries","Precious Metals","amex"
"CXM","Cardium Therapeutics, Inc.","24641175.336","Health Care","Biotechnology: Biological Products (No Diagnostic Substances)","amex"
"ROX","Castle Brands, Inc.","33630370.46","Consumer Non-Durables","Beverages (Production/Distribution)","amex"
"CAW","CCA Industries, Inc.","30686822.7","Consumer Non-Durables","Package Goods/Cosmetics","amex"
"CVM","Cel-Sci Corporation","101010898.73","Health Care","Biotechnology: Biological Products (No Diagnostic Substances)","amex"
"CEF","Central Fund of Canada Limited","5656039209.99","n/a","n/a","amex"
"GTU","Central Gold Trust","1288787220","n/a","n/a","amex"
"CET","Central Securities Corporation","462578555.976","n/a","n/a","amex"
"CCF","Chase Corporation","144843216","Consumer Durables","Building Products","amex"
"CQP","Cheniere Energy Partners, LP","6792852570.08","Public Utilities","Oil/Gas Transmission","amex"
"LNG","Cheniere Energy, Inc.","3365969786","Public Utilities","Oil/Gas Transmission","amex"
"CVR","Chicago Rivet & Machine Co.","18482105.16","Technology","Industrial Machinery/Components","amex"
"CNAM","China Armco Metals, Inc.","5671223.8424","Consumer Durables","Steel/Iron Ore","amex"
"CBP","China Botanic Pharmaceutical Inc.","18098414.496","Consumer Durables","Major Pharmaceuticals","amex"
"CHGS","China GengSheng Minerals, Inc.","10051141.5","Consumer Durables","Miscellaneous manufacturing industries","amex"
"CMFO","China Marine Food Group Limited","28831286.72","Consumer Non-Durables","Packaged Foods","amex"
"CNR","China Metro-Rural Holdings Limited","75014657.64","Finance","Real Estate","amex"
"CPHI","China Pharma Holdings, Inc.","14821407.3357","Consumer Durables","Major Pharmaceuticals","amex"
"SHZ","China Shen Zhou Mining & Resources, Inc.","10629215.5716","Basic Industries","Precious Metals","amex"
"CRC","Chromcraft Revington, Inc.","4492228.658","Consumer Durables","Home Furnishings","amex"
"MBA","CIBT Education Group Inc.","12167425.8432","Consumer Services","Other Consumer Services","amex"
"CKX","CKX Lands, Inc.","26592950.7995","Energy","Oil & Gas Production","amex"
"CGR","Claude Resources, Inc.","130309173","Basic Industries","Precious Metals","amex"
"GLV","Clough Global Allocation Fund","138988951.92","n/a","n/a","amex"
"GLQ","Clough Global Equity Fund","228717838.1","n/a","n/a","amex"
"GLO","Clough Global Opportunities Fund","587213349.65","n/a","n/a","amex"
"CRV","Coast Distribution System, Inc. (The)","9955093.28","Capital Goods","Automotive Aftermarket","amex"
"MOC","Command Security Corporation","12759777.36","Consumer Services","Diversified Commercial Services","amex"
"BTC","Community Bankers Trust Corporation.","59952422.98","Finance","Major Banks","amex"
"CIX","CompX International Inc.","179561630.43","Capital Goods","Industrial Machinery/Components","amex"
"LODE","Comstock Mining, Inc.","114997390.2","Basic Industries","Precious Metals","amex"
"CTO","Consolidated-Tomoka Land Co.","186731290.16","Finance","Real Estate","amex"
"CEP","Constellation Energy Partners, LLC","35049179.44","Energy","Oil & Gas Production","amex"
"MCF","Contango Oil & Gas Company","777069845.28","Energy","Oil & Gas Production","amex"
"CUO","Continental Materials Corporation","19889163.26","Capital Goods","Building Materials","amex"
"CMT","Core Molding Technologies Inc","52599093.1816","Consumer Non-Durables","Plastic Products","amex"
"CRMD","CorMedix Inc","7643543.58","Consumer Durables","Major Pharmaceuticals","amex"
"CRMD/WS","CorMedix Inc","0","n/a","n/a","amex"
"CFP","Cornerstone Progressive Return Fund","139939111.1","n/a","n/a","amex"
"CRF","Cornerstone Strategic Return Fund, Inc. (The)","42920914.08","n/a","n/a","amex"
"CLM","Cornerstone Strategic Value Fund, Inc.","107049058.14","n/a","n/a","amex"
"COVR","Cover-All Technologies Inc.","29219234.9","Technology","Computer Software: Prepackaged Software","amex"
"CVU","CPI Aerostructures, Inc.","89883326.44","Capital Goods","Military/Government/Technical","amex"
"CIK","Credit Suisse Asset Management Income Fund, Inc.","199360946.2","n/a","n/a","amex"
"DHY","Credit Suisse High Yield Bond Fund","265160462.76","n/a","n/a","amex"
"EXE","Crexendo, Inc.","26139542.45","Technology","EDP Services","amex"
"CXZ","Crosshair Energy Corp","9393695.0184","Basic Industries","Mining & Quarrying of Nonmetallic Minerals (No Fuels)","amex"
"CRVP","Crystal Rock Holdings, Inc.","22661489.7819","Consumer Non-Durables","Food Distributors","amex"
"CTP","CTPartners Executive Search Inc.","27793912.9195","Technology","Diversified Commercial Services","amex"
"QBC","Cubic Energy Inc","27797726.88","Energy","Oil & Gas Production","amex"
"DXR","Daxor Corporation","34404756.4","Health Care","Medical/Dental Instruments","amex"
"DEJ","Dejour Energy Inc.","34578382.0428","Energy","Oil & Gas Production","amex"
"VCF","Delaware Investments Colorado Municipal Income Fund, Inc","73814146","n/a","n/a","amex"
"VFL","Delaware Investments Florida Insured Municipal Income Fund","65845372.5972","n/a","n/a","amex"
"VMM","Delaware Investments Minnesota Municipal Income Fund II, Inc.","175450868.75","n/a","n/a","amex"
"DLA","Delta Apparel, Inc.","120133247.87","Consumer Non-Durables","Apparel","amex"
"DNN","Denison Mine Corp","515445626.1","Basic Industries","Precious Metals","amex"
"DGSE","DGSE Companies, Inc.","83366784.42","Consumer Services","Consumer Specialties","amex"
"DPW","Digital Power Corporation","9265252.5","Capital Goods","Industrial Machinery/Components","amex"
"DSS","Document Security Systems, Inc.","61862005.95","Technology","EDP Services","amex"
"DMF","Dreyfus Municipal Income, Inc.","228171240.05","n/a","n/a","amex"
"GRF","Eagle Capital Growth Fund, Inc.","21594606.84","n/a","n/a","amex"
"ESTE","Earthstone Energy, Inc.","30806945.8","Energy","Oil & Gas Production","amex"
"EVM","Eaton Vance California Municipal Bond Fund","274998191.04","n/a","n/a","amex"
"EIA","Eaton Vance California Municipal Bond Fund II","55062967.74","n/a","n/a","amex"
"CEV","Eaton Vance California Municipal Income Trust","105875725.2","n/a","n/a","amex"
"EVV","Eaton Vance Limited Duration Income Fund","1996024042.53","n/a","n/a","amex"
"MAB","Eaton Vance Massachusetts Municipal Bond Fund","29785938.18","n/a","n/a","amex"
"MMV","Eaton Vance Massachusetts Municipal Income Trust","44656690","n/a","n/a","amex"
"MIW","Eaton Vance Michigan Municipal Bond Fund","24320611.19","n/a","n/a","amex"
"EMI","Eaton Vance Michigan Municipal Income Trust","29755093.64","n/a","n/a","amex"
"EIM","Eaton Vance Municipal Bond Fund","987115064.67","n/a","n/a","amex"
"EIV","Eaton Vance Municipal Bond Fund II","138998554.4","n/a","n/a","amex"
"EMJ","Eaton Vance New Jersey Municipal Bond Fund","40281853.43","n/a","n/a","amex"
"EVJ","Eaton Vance New Jersey Municipal Income Trust","71380336.64","n/a","n/a","amex"
"ENX","Eaton Vance New York Municipal Bond Fund","232380432.9","n/a","n/a","amex"
"NYH","Eaton Vance New York Municipal Bond Fund II","36116748.8","n/a","n/a","amex"
"EVY","Eaton Vance New York Municipal Income Trust","84579899.2115","n/a","n/a","amex"
"EIO","Eaton Vance Ohio Municipal Bond Fund","37795970.64","n/a","n/a","amex"
"EVO","Eaton Vance Ohio Municipal Income Trust","47545065.624","n/a","n/a","amex"
"EIP","Eaton Vance Pennsylvania Municipal Bond Fund","46823982.5346","n/a","n/a","amex"
"EVP","Eaton Vance Pennsylvania Municipal Income Trust","40450595.52","n/a","n/a","amex"
"ECBE","ECB Bancorp Inc","42120649.98","Finance","Major Banks","amex"
"ELMD","Electromed, Inc.","10873097.68","Health Care","Biotechnology: Electromedical & Electrotherapeutic Apparatus","amex"
"ETAK","Elephant Talk Communications Inc","161270454.69","Public Utilities","Telecommunications Equipment","amex"
"ELLO","Ellomay Capital Ltd.","53909205.84","Capital Goods","Industrial Machinery/Components","amex"
"ECF","Ellsworth Convertible Growth and Income Fund, Inc.","98212572.1","n/a","n/a","amex"
"EMAN","eMagin Corporation","106178267.03","Technology","Semiconductors","amex"
"EOX","Emerald Oil, Inc.","124597491.996","Energy","Oil & Gas Production","amex"
"MSN","Emerson Radio Corporation","57786542.16","Consumer Non-Durables","Consumer Electronics/Appliances","amex"
"ESA","Energy Services Acquisition Corp","15602582.88","Basic Industries","Water Supply","amex"
"ENA","Enova Systems Inc.","2844840.5883","Capital Goods","Electrical Products","amex"
"EGT","Entertainment Gaming Asia Incorporated","68227923.84","Consumer Durables","Miscellaneous manufacturing industries","amex"
"EGI","Entree Gold Inc","55417214.49","Basic Industries","Precious Metals","amex"
"EVI","EnviroStarm, Inc.","10902284.6","Consumer Services","Other Consumer Services","amex"
"ERB","ERBA Diagnostics, Inc.","23675285.4364","Consumer Durables","Major Pharmaceuticals","amex"
"ESP","Espey Mfg. & Electronics Corp.","63818387.92","Capital Goods","Industrial Machinery/Components","amex"
"ETUA","eUnits 2 Year U.S. Market Participation Trust","26183890","n/a","n/a","amex"
"ETUB","eUnits 2 Year U.S. Market Participation Trust","0","n/a","n/a","amex"
"EMXX","Eurasian Minerals Inc.","170075280.76","Basic Industries","Precious Metals","amex"
"EVBN","Evans Bancorp, Inc.","69466554.366","Finance","Major Banks","amex"
"EVK","Ever-Glory International Group, Inc.","19934021.7","Consumer Non-Durables","Apparel","amex"
"EPM","Evolution Petroleum Corporation, Inc.","236200934.97","Energy","Oil & Gas Production","amex"
"EPM^A","Evolution Petroleum Corporation, Inc.","0","n/a","n/a","amex"
"XRA","Exeter Resource Corporation","123686854.2","Basic Industries","Mining & Quarrying of Nonmetallic Minerals (No Fuels)","amex"
"FU","FAB Universal Corp.","32654239.2","Technology","Computer Software: Prepackaged Software","amex"
"FPP","FieldPoint Petroleum Corporation","35111315.62","Energy","Oil & Gas Production","amex"
"FPP/WS","FieldPoint Petroleum Corporation","0","n/a","n/a","amex"
"MXN","First American Minnesota Municipal Income Fund II, Inc.","24576125.14","n/a","n/a","amex"
"FEN","First Trust Energy Income and Growth Fund","434223526.16","n/a","n/a","amex"
"FWV","First West Virginia Bancorp, Inc.","26560720.98","Finance","Major Banks","amex"
"BDL","Flanigan&#39;s Enterprises, Inc.","14044864.85","Consumer Services","Restaurants","amex"
"FSI","Flexible Solutions International Inc.","20413486.05","Basic Industries","Major Chemicals","amex"
"FFI","Fortune Diversified Industries, Inc.","2211712.2","Consumer Services","Telecommunications Equipment","amex"
"FSP","Franklin Street Properties Corp.","938022050.55","Consumer Services","Real Estate Investment Trusts","amex"
"FTF","Franklin Templeton Limited Duration Income Trust","381713795.25","n/a","n/a","amex"
"FOH","Frederick&#39;s of Hollywood Group","11299818.39","Consumer Non-Durables","Apparel","amex"
"FRD","Friedman Industries Inc.","72006111.96","Capital Goods","Steel/Iron Ore","amex"
"FRS","Frisch&#39;s Restaurants, Inc.","89590702.95","Consumer Services","Restaurants","amex"
"FLL","Full House Resorts, Inc.","61642947.3","Consumer Services","Hotels/Resorts","amex"
"GLU","Gabelli Global Utility","65123431.38","n/a","n/a","amex"
"GGN","GAMCO Global Gold, Natural Reources & Income Trust by Gabelli","1223057414.83","n/a","n/a","amex"
"GGN^A","GAMCO Global Gold, Natural Reources & Income Trust by Gabelli","0","n/a","n/a","amex"
"EGAS","Gas Natural Inc.","82140244.82","Public Utilities","Oil/Gas Transmission","amex"
"GSX","GASCO ENERGY INC","23442472.3761","Energy","Oil & Gas Production","amex"
"GST","Gastar Exploration","71629237.73","Energy","Oil & Gas Production","amex"
"GST^A","Gastar Exploration","0","n/a","n/a","amex"
"JOB","General Employment Enterprises, Inc.","14751439.065","Technology","Diversified Commercial Services","amex"
"GMO","General Moly, Inc","325576827.84","Basic Industries","Precious Metals","amex"
"GGR","GeoGlobal Resources Inc.","15466753.1018","Energy","Oil & Gas Production","amex"
"GOK","Geokinetics, Inc.","5523637.54","Energy","Oil & Gas Production","amex"
"GPR","GeoPetro Resources Co","3665501.181","Energy","Oil & Gas Production","amex"
"GIG","GigOptix, Inc.","41212845.58","Technology","Semiconductors","amex"
"GSB","GlobalSCAPE, Inc.","38427400.44","Technology","Computer Software: Prepackaged Software","amex"
"GLOW","Glowpoint, Inc.","57565950.5764","Public Utilities","Telecommunications Equipment","amex"
"GRZ","Gold Reserve Inc","188964751.52","Basic Industries","Precious Metals","amex"
"GORO","Gold Resource Corporation","928729882.08","Basic Industries","Precious Metals","amex"
"GSV","Gold Standard Ventures Corporation","138138179.85","Basic Industries","Mining & Quarrying of Nonmetallic Minerals (No Fuels)","amex"
"AUMN","Golden Minerals Company","213168971.08","Basic Industries","Precious Metals","amex"
"GSS","Golden Star Resources, Ltd","520370849.7","Basic Industries","Precious Metals","amex"
"GV","Goldfield Corporation (The)","49375626.76","Basic Industries","Water Supply","amex"
"GRC","Gorman-Rupp Company (The)","555209119.85","Capital Goods","Fluid Controls","amex"
"GHM","Graham Corporation","177903246.84","Technology","Industrial Machinery/Components","amex"
"GTE","Gran Tierra Energy Inc.","1434604356.45","Energy","Oil & Gas Production","amex"
"GBG","Great Basin Gold, Ltd.","48061969.932","Basic Industries","Precious Metals","amex"
"GPL","Great Panther Silver Limited","263024671.32","Basic Industries","Precious Metals","amex"
"GRH","GreenHunter Energy Inc","66724812.16","Basic Industries","Major Chemicals","amex"
"GRH^C","GreenHunter Energy Inc","0","n/a","n/a","amex"
"SIM","Grupo Simec, S.A. de C.V.","2196556660.04","Basic Industries","Steel/Iron Ore","amex"
"GVP","GSE Systems, Inc.","35516112.83","Technology","Computer Software: Prepackaged Software","amex"
"HWG","Hallwood Group Incorporated","10096598.92","Basic Industries","Textiles","amex"
"HEB","Hemispherx BioPharma, Inc.","102301984.865","Health Care","Biotechnology: Biological Products (No Diagnostic Substances)","amex"
"HLM^","Hillman Group Capital Trust","0","n/a","n/a","amex"
"HKN","HKN, Inc.","36527153.63","Energy","Oil & Gas Production","amex"
"HMG","HMG/Courtland Properties, Inc.","5576772.8874","Consumer Services","Real Estate Investment Trusts","amex"
"HH","Hooper Holmes, Inc.","42865246.005","Health Care","Hospital/Nursing Management","amex"
"HUSA","Houston American Energy Corporation","14759265.85","Energy","Oil & Gas Production","amex"
"IBIO","iBio, Inc.","49200107.85","Consumer Durables","Major Pharmaceuticals","amex"
"IBO","IBO (Listing Market - NYSE Amex Network B F)","0","n/a","n/a","amex"
"IEC","IEC Electronics Corp.","71045766.18","Technology","Electrical Products","amex"
"IG","IGI Laboratories, Inc.","43491905.6","Health Care","Biotechnology: Biological Products (No Diagnostic Substances)","amex"
"IMUC","ImmunoCellular Therapeutics, Ltd.","81730460.17","Consumer Durables","Major Pharmaceuticals","amex"
"IMH","Impac Mortgage Holdings, Inc.","83943062.2","Consumer Services","Real Estate Investment Trusts","amex"
"IMO","Imperial Oil Limited","38608134951.05","Energy","Integrated oil Companies","amex"
"IOT","Income Opportunity Realty Trust","12921463.4","Consumer Services","Real Estate Investment Trusts","amex"
"IGC","India Globalization Capital Inc.","9615884.0937","Basic Industries","Military/Government/Technical","amex"
"IGC/U","India Globalization Capital Inc.","0","n/a","n/a","amex"
"IGC/WS","India Globalization Capital Inc.","0","n/a","n/a","amex"
"INFU","InfuSystems Holdings, Inc.","37832003.3","Health Care","Medical/Dental Instruments","amex"
"INV","Innovaro Inc","8871979.34","Consumer Services","Professional Services","amex"
"IHT","InnSuites Hospitality Trust","19332569.5","Consumer Services","Real Estate Investment Trusts","amex"
"INO","Inovio Pharmaceuticals, Inc.","93128191.86","Health Care","Medical/Dental Instruments","amex"
"IFMI","Institutional Financial Markets, Inc.","13106409.8","Finance","Investment Bankers/Brokers/Service","amex"
"IDN","Intellicheck Mobilisia, Inc.","43804341.86","Technology","Computer Software: Prepackaged Software","amex"
"INS","Intelligent Systems Corporation","13938691.568","Capital Goods","Metal Fabrications","amex"
"THM","International Tower Hill Mines Ltd","260862577.08","Basic Industries","Precious Metals","amex"
"INUV","Inuvo, Inc","25141921.61","Consumer Services","Advertising","amex"
"VKI","Invesco Van Kampen Advantage Municipal Income Trust II","608618483.47","n/a","n/a","amex"
"ICH","Investors Capital Holdings, Ltd.","25184945.89","Finance","Finance/Investors Services","amex"
"IPT","iParty Corporation","5127839.64","Consumer Services","Other Specialty Stores","amex"
"ISR","IsoRay, Inc.","24074526.6148","Health Care","Medical/Dental Instruments","amex"
"ITI","Iteris, Inc.","55133329.76","Consumer Durables","Telecommunications Equipment","amex"
"KGN","Keegan Resources Inc","303734468.76","Basic Industries","Mining & Quarrying of Nonmetallic Minerals (No Fuels)","amex"
"KBX","Kimber Resources Inc","47992463.08","Basic Industries","Mining & Quarrying of Nonmetallic Minerals (No Fuels)","amex"
"KXM","Kobex Minerals Inc.","22580382.37","Basic Industries","Precious Metals","amex"
"LTS","Ladenburg Thalmann Financial Services Inc","238788759.3","Finance","Investment Bankers/Brokers/Service","amex"
"LSG","Lake Shore Gold Corp","336679950.6","n/a","n/a","amex"
"LCI","Lannett Co Inc","119204874.37","Consumer Durables","Major Pharmaceuticals","amex"
"LAQ","Latin America Equity Fund, Inc. (The)","264347868.33","n/a","n/a","amex"
"LGL","LGL Group, Inc. (The)","15804941.76","Capital Goods","Industrial Machinery/Components","amex"
"LBY","Libbey, Inc.","312113594.88","Capital Goods","Industrial Machinery/Components","amex"
"LON","Loncor Resources Inc.","79314910.56","Basic Industries","Precious Metals","amex"
"LPH","Longwei Petroleum Investment Holding Limited","216011527.24","Energy","Oil Refining/Marketing","amex"
"LEI","Lucas Energy, Inc.","47065941","Energy","Oil & Gas Production","amex"
"MCZ","Mad Catz Interactive Inc","37883311.7232","Consumer Non-Durables","Recreational Products/Toys","amex"
"MVG","Mag Silver Corporation","676043736.42","Basic Industries","Precious Metals","amex"
"MHR^C","Magnum Hunter Resources Corporation","0","n/a","n/a","amex"
"MHR^D","Magnum Hunter Resources Corporation","0","n/a","n/a","amex"
"MHE","Massachusetts Health and Education Tax-Exempt Trust","37203734.82","n/a","n/a","amex"
"MHH","Mastech Holdings, Inc","15559709.9","Consumer Services","Professional Services","amex"
"MDGN","Medgenics, Inc.","107583886.5","Health Care","Biotechnology: Biological Products (No Diagnostic Substances)","amex"
"MDGN/WS","Medgenics, Inc.","0","n/a","n/a","amex"
"MEET","MeetMe, Inc.","147308940.9","Consumer Services","Advertising","amex"
"IPB","Merrill Lynch & Co., Inc.","0","Finance","Finance: Consumer Services","amex"
"MEA","Metalico Inc","114149306.4","Basic Industries","Metal Fabrications","amex"
"MXC","Mexco Energy Corporation","12907916.66","Energy","Oil & Gas Production","amex"
"CCA","MFS California Insured Municipal Trust","34044150.14","n/a","n/a","amex"
"MGT","MGT Capital Investments Inc","7378317.9887","Miscellaneous","Multi-Sector Companies","amex"
"MSL","MidSouth Bancorp","162665742","Finance","Major Banks","amex"
"MDW","Midway Gold Corporation","215462180.64","Basic Industries","Precious Metals","amex"
"MGH","Minco Gold Corporation","27205046.1","Basic Industries","Precious Metals","amex"
"MGN","Mines Management, Inc.","38489870.16","Basic Industries","Precious Metals","amex"
"MXA","Minnesota Municipal Income Portfolio Inc.","77751431.25","n/a","n/a","amex"
"MDM","Mountain Province Diamonds Inc.","321247920.84","Basic Industries","Precious Metals","amex"
"MVF","MuniVest Fund, Inc.","714341331.48","n/a","n/a","amex"
"MZA","MuniYield Arizona Fund, Inc.","70439315.58","n/a","n/a","amex"
"NHC","National HealthCare Corporation","651603419.6","Health Care","Hospital/Nursing Management","amex"
"NHC^A","National HealthCare Corporation","0","n/a","n/a","amex"
"NAVB","Navidea Biopharmaceuticals, Inc.","288827000.08","Health Care","Biotechnology: In Vitro & In Vivo Diagnostic Substances","amex"
"NBS","Neostem, Inc.","109764286.775","Health Care","Hospital/Nursing Management","amex"
"NBW","Neuberger Berman California Intermediate Municipal Fund Inc.","91995280","n/a","n/a","amex"
"NHS","Neuberger Berman High Yield Strategies Fund","284839751.2","n/a","n/a","amex"
"NBH","Neuberger Berman Intermediate Municipal Fund Inc.","309661880","n/a","n/a","amex"
"NBO","Neuberger Berman New York Intermediate Municipal Fund Inc.","79966980","n/a","n/a","amex"
"NRO","Neuberger Berman Real Estate Securities Income Fund, Inc.","264992268.5","n/a","n/a","amex"
"CUR","Neuralstem, Inc.","68314517.6","Health Care","Biotechnology: Biological Products (No Diagnostic Substances)","amex"
"UWN","Nevada Gold & Casinos, Inc.","13246944.42","Consumer Services","Services-Misc. Amusement & Recreation","amex"
"NSU","Nevsun Resources Ltd","931684174.2","Basic Industries","Precious Metals","amex"
"GBR","New Concept Energy, Inc","1946935","Energy","Oil & Gas Production","amex"
"NEWN","New Energy Systems Group.","8440003.98","Energy","Industrial Machinery/Components","amex"
"NEN","New England Realty Associates Limited Partnership","9713731.7","Consumer Services","Building operators","amex"
"NGD","NEW GOLD INC.","5476558317","Basic Industries","Precious Metals","amex"
"PAL","North American Palladium, Ltd.","287999060.25","Basic Industries","Precious Metals","amex"
"NAK","Northern Dynasty Minerals, Ltd.","350534369.16","Basic Industries","Precious Metals","amex"
"NOG","Northern Oil and Gas, Inc.","1031253485.92","Energy","Oil & Gas Production","amex"
"NBY","NovaBay Pharmaceuticals, Inc.","37357576.98","Consumer Durables","Major Pharmaceuticals","amex"
"NCQ","NovaCopper Inc.","118992098.4","Basic Industries","Precious Metals","amex"
"NG","Novagold Resources Inc.","1398978995","Basic Industries","Precious Metals","amex"
"NTN","NTN Buzztime, Inc.","12788411.94","Consumer Services","Broadcasting","amex"
"NLP","NTS Realty Holdings Limited Partnership","55255574.0474","Consumer Services","Real Estate Investment Trusts","amex"
"NTS","NTS, Inc.","53954440.76","Consumer Services","Telecommunications Equipment","amex"
"NEA","Nuveen AMT-Free Municipal Income Fund","347648555.7","n/a","n/a","amex"
"NFZ","Nuveen Arizona Dividend Advantage Municipal Fund","23604945.4272","n/a","n/a","amex"
"NFZ^C","Nuveen Arizona Dividend Advantage Municipal Fund","0","n/a","n/a","amex"
"NKR","Nuveen Arizona Dividend Advantage Municipal Fund 2","38306170.3101","n/a","n/a","amex"
"NXE","Nuveen Arizona Dividend Advantage Municipal Fund 3","45499885.2","n/a","n/a","amex"
"NKX","Nuveen California AMT-Free Municipal Income Fund","645943148.1","n/a","n/a","amex"
"NVX","Nuveen California Dividend Advantage Municipal Fund 2","240982908.24","n/a","n/a","amex"
"NZH","Nuveen California Dividend Advantage Municipal Fund 3","347164836","n/a","n/a","amex"
"NCB","Nuveen California Municipal Value Fund 2","55072325","n/a","n/a","amex"
"NCU","Nuveen California Premium Income Municipal Fund","91713930.752","n/a","n/a","amex"
"CFD","Nuveen Diversified Commodity Fund","198582429.6","Finance","Investment Bankers/Brokers/Service","amex"
"NXZ","Nuveen Dividend Advantage Municipal Fund 2","459568443.08","n/a","n/a","amex"
"NZF","Nuveen Dividend Advantage Municipal Fund 3","631452437.64","n/a","n/a","amex"
"NVG","Nuveen Dividend Advantage Municipal Income Fund","469395675","n/a","n/a","amex"
"NKG","Nuveen Georgia Dividend Advantage Municipal Fund 2","158523348.87","n/a","n/a","amex"
"NKG^E","Nuveen Georgia Dividend Advantage Municipal Fund 2","0","n/a","n/a","amex"
"NGX","Nuveen Massachusetts AMT-Free Municipal Income Fund","39846101.37","n/a","n/a","amex"
"NMB","Nuveen Massachusetts Dividend Advantage Municipal Fund","30782846.34","n/a","n/a","amex"
"NMB^C","Nuveen Massachusetts Dividend Advantage Municipal Fund","0","n/a","n/a","amex"
"NZW","Nuveen Michigan Dividend Advantage Municipal Fund","30326133.306","n/a","n/a","amex"
"NZW^C","Nuveen Michigan Dividend Advantage Municipal Fund","0","n/a","n/a","amex"
"NOM","Nuveen Missouri Premium Income Municipal Fund","39297371.8741","n/a","n/a","amex"
"NMZ","Nuveen Municipal High Income Opportunity Fund","418733096.75","n/a","n/a","amex"
"NXJ","Nuveen New Jersey Dividend Advantage Municipal Fund","106301176.16","n/a","n/a","amex"
"NUJ","Nuveen New Jersey Dividend Advantage Municipal Fund 2","73041166.5","n/a","n/a","amex"
"NJV","Nuveen New Jersey Municipal Value Fund","26171690.75","n/a","n/a","amex"
"NRK","Nuveen New York AMT-Free Municipal Income Fund","53615302.4","n/a","n/a","amex"
"NXK","Nuveen New York Dividend Advantage Municipal Fund 2","99829062.918","n/a","n/a","amex"
"NKO","Nuveen New York Dividend Advantage Municipal Income Fund","124374842.77","n/a","n/a","amex"
"NYV","Nuveen New York Municipal Value Fund 2","38073448.23","n/a","n/a","amex"
"NXI","Nuveen Ohio Dividend Advantage Municipal Fund","69963024.8581","n/a","n/a","amex"
"NXI^D","Nuveen Ohio Dividend Advantage Municipal Fund","0","n/a","n/a","amex"
"NBJ","Nuveen Ohio Dividend Advantage Municipal Fund 2","51182364.2","n/a","n/a","amex"
"NBJ^A","Nuveen Ohio Dividend Advantage Municipal Fund 2","0","n/a","n/a","amex"
"NVJ","Nuveen Ohio Dividend Advantage Municipal Fund 3","35659659","n/a","n/a","amex"
"NVJ^A","Nuveen Ohio Dividend Advantage Municipal Fund 3","0","n/a","n/a","amex"
"NXM","Nuveen Pennsylvania Dividend Advantage Municipal Fund","51025674.24","n/a","n/a","amex"
"NVY","Nuveen Pennsylvania Dividend Advantage Municipal Fund 2","56748746.68","n/a","n/a","amex"
"NPN","Nuveen Pennsylvania Municipal Value Fund","19448664.4","n/a","n/a","amex"
"JRS","Nuveen Real Estate Fund","327646043.75","n/a","n/a","amex"
"OBT","Orbital Corporation Limited","8252367.34","Miscellaneous","Multi-Sector Companies","amex"
"TIS","Orchids Paper Products Company","137603965.5","Basic Industries","Paper","amex"
"ONP","Orient Paper, Inc.","36919550","Consumer Durables","Containers/Packaging","amex"
"OESX","Orion Energy Systems, Inc.","31325638.56","Consumer Durables","Building Products","amex"
"OFI","Overhill Farms, Inc.","71362952.21","Consumer Non-Durables","Packaged Foods","amex"
"PHF","Pacholder High Yield Fund, Inc.","125332290.952","n/a","n/a","amex"
"PBM","Pacific Booker Minerals Inc","48286098.27","Basic Industries","Precious Metals","amex"
"PCG^A","Pacific Gas & Electric Co.","0","n/a","n/a","amex"
"PCG^B","Pacific Gas & Electric Co.","0","n/a","n/a","amex"
"PCG^C","Pacific Gas & Electric Co.","0","n/a","n/a","amex"
"PCG^D","Pacific Gas & Electric Co.","0","n/a","n/a","amex"
"PCG^E","Pacific Gas & Electric Co.","0","n/a","n/a","amex"
"PCG^G","Pacific Gas & Electric Co.","0","n/a","n/a","amex"
"PCG^H","Pacific Gas & Electric Co.","0","n/a","n/a","amex"
"PCG^I","Pacific Gas & Electric Co.","0","n/a","n/a","amex"
"PTN","Palatin Technologies, Inc.","27781545.6296","Consumer Durables","Major Pharmaceuticals","amex"
"PZG","Paramount Gold and Silver Corp.","365914536.32","Basic Industries","Precious Metals","amex"
"PCYG","Park City Group, Inc.","38784981.5073","Technology","EDP Services","amex"
"PRK","Park National Corporation","1025108120.22","Finance","Major Banks","amex"
"PTX","Pernix Therapeutics Holdings, Inc.","216557814.35","Consumer Durables","Major Pharmaceuticals","amex"
"PIP","PharmAthene, Inc","50784283.2","Consumer Durables","Major Pharmaceuticals","amex"
"HNW","Pioneer Diversified High Income Trust","173320731.28","n/a","n/a","amex"
"PLG","Platinum Group Metals Ltd.","182912078.26","Basic Industries","Precious Metals","amex"
"PCC","PMC Commercial Trust","78045012.98","Consumer Services","Real Estate Investment Trusts","amex"
"PLM","Polymet Mining Corp.","199199708.34","Basic Industries","Precious Metals","amex"
"PW","Power REIT","12904837.5","Consumer Services","Real Estate Investment Trusts","amex"
"APTS","Preferred Apartment Communities, Inc.","44074081.43","Consumer Services","Real Estate Investment Trusts","amex"
"PBTH","PROLOR Biotech, Inc.","315137933.95","Consumer Durables","Major Pharmaceuticals","amex"
"PLX","Protalix BioTherapeutics, Inc.","461455498.12","Health Care","Biotechnology: Biological Products (No Diagnostic Substances)","amex"
"PDO","Pyramid Oil Co","19484828.48","Energy","Oil & Gas Production","amex"
"QMM","Quaterra Resources Inc","71966661.9","Basic Industries","Precious Metals","amex"
"QRM","Quest Rare Minerals Ltd","79805442.36","Basic Industries","Precious Metals","amex"
"RLGT","Radiant Logistics, Inc.","56170431","Transportation","Oil Refining/Marketing","amex"
"REE","Rare Element Resources Ltd.","192540823.3","Basic Industries","Precious Metals","amex"
"UTG","Reaves Utility Income Fund","590443770.24","n/a","n/a","amex"
"RWC","RELM Wireless Corporation","23631447.8972","Technology","Radio And Television Broadcasting And Communications Equipment","amex"
"RCG","Renaissance Capital Growth & Income Fund III, Inc.","6432130.0503","n/a","n/a","amex"
"RTK","Rentech, Inc.","545280883.52","Basic Industries","Agricultural Chemicals","amex"
"RVP","Retractable Technologies, Inc.","32236066","Health Care","Medical/Dental Instruments","amex"
"RVM","Revett Minerals Inc.","118075647.41","Basic Industries","Precious Metals","amex"
"RNN","Rexahn Pharmaceuticals, Inc.","44335730.04","Consumer Durables","Major Pharmaceuticals","amex"
"RIC","Richmont Mines, Inc.","158248412","Basic Industries","Precious Metals","amex"
"RIF","RMR Real Estate Income Fund.","138033186.28","n/a","n/a","amex"
"RPI","Roberts Realty Investors, Inc.","13343383.04","Consumer Services","Real Estate Investment Trusts","amex"
"RBY","Rubicon Minerals Corp","1069894253.04","Basic Industries","Precious Metals","amex"
"BQY","S&P Quality Rankings Glbl Equ Mngd Tr","74809547.2","n/a","n/a","amex"
"SGA","Saga Communications, Inc.","180706130.68","Consumer Services","Broadcasting","amex"
"SAL","Salisbury Bancorp, Inc.","43002635.95","Finance","Savings Institutions","amex"
"SSN","Samson Oil & Gas Limited","77023153.7295","Energy","Oil & Gas Production","amex"
"SDO^A","San Diego Gas & Electric Company","0","n/a","n/a","amex"
"SDO^B","San Diego Gas & Electric Company","0","n/a","n/a","amex"
"SDO^C","San Diego Gas & Electric Company","0","n/a","n/a","amex"
"SDO^H","San Diego Gas & Electric Company","0","n/a","n/a","amex"
"SAND","Sandstorm Gold Ltd","1165052638.89","Basic Industries","Precious Metals","amex"
"SARA","Saratoga Resources Inc","167587909.44","Energy","Oil & Gas Production","amex"
"SEB","Seaboard Corporation","2705976622","Finance","Investment Bankers/Brokers/Service","amex"
"IDI","SearchMedia Holdings Limited","28274969.8","Consumer Services","Advertising","amex"
"IDI/U","SearchMedia Holdings Limited","0","n/a","n/a","amex"
"IDI/WS","SearchMedia Holdings Limited","0","n/a","n/a","amex"
"SED","SED International Holdings Inc","9237136.95","Technology","Retail: Computer Software & Peripheral Equipment","amex"
"SNT","Senesco Technologies Inc","23350637","Health Care","Biotechnology: Commercial Physical & Biological Resarch","amex"
"SVT","Servotronics, Inc.","19921988.68","Capital Goods","Industrial Machinery/Components","amex"
"SIF","SIFCO Industries, Inc.","91058961.26","Capital Goods","Aerospace","amex"
"SVBL","Silver Bull Resources, Inc.","63859113.633","Basic Industries","Precious Metals","amex"
"SVLC","SilverCrest Mines, Inc.","224465947.5","Basic Industries","Precious Metals","amex"
"WWZ^K","SiM Internal Test 10","0","n/a","n/a","amex"
"MMZ^K","SiM Internal Test 6","0","n/a","n/a","amex"
"OOZ^K","SiM Internal Test 7","0","n/a","n/a","amex"
"QQZ^K","SiM Internal Test 8","0","n/a","n/a","amex"
"SS^K","SiM Internal Test 9","0","n/a","n/a","amex"
"SLI","SL Industries, Inc.","53573000","Capital Goods","Industrial Machinery/Components","amex"
"ZXX","SM Listed Test 3","0","n/a","n/a","amex"
"ZXX^F","SM Listed Test 3","0","n/a","n/a","amex"
"XPL","Solitario Exploration & Royalty Corp","56850680.7","Basic Industries","Precious Metals","amex"
"SOQ","Sonde Resources Corp","53766147.898","Energy","Oil & Gas Production","amex"
"SCE^B","Southern California Edison Company","0","n/a","n/a","amex"
"SCE^C","Southern California Edison Company","0","n/a","n/a","amex"
"SCE^D","Southern California Edison Company","0","n/a","n/a","amex"
"SCE^E","Southern California Edison Company","0","n/a","n/a","amex"
"SSE","Southern Connecticut Bancorp Inc","2828272.32","Finance","Major Banks","amex"
"SGB","Southwest Georgia Financial Corporation","23491057.14","Finance","Major Banks","amex"
"LOV","Spark Networks, Inc.","129840356.48","Miscellaneous","Business Services","amex"
"SILU","Sprott Resource Lending Corp.","213072436.23","Finance","Commercial Banks","amex"
"SSY","SunLink Health Systems, Inc.","10676182.37","Health Care","Hospital/Nursing Management","amex"
"STS","Supreme Industries, Inc.","56996450.77","Capital Goods","Construction/Ag Equipment/Trucks","amex"
"SYRG","Synergy Resources Corporation","212320574.2","Energy","Oil & Gas Production","amex"
"SYN","Synthetic Biologics, Inc","73470183.6","Consumer Durables","Major Pharmaceuticals","amex"
"TTTM","T3 Motion Inc","4773939.3873","Capital Goods","Auto Manufacturing","amex"
"TTTM/WS/W","T3 Motion Inc","0","n/a","n/a","amex"
"TTTM/WS/Z","T3 Motion Inc","0","n/a","n/a","amex"
"TRX","Tanzanian Royalty Exploration Corporation","506318082.48","Basic Industries","Precious Metals","amex"
"TGB","Taseko Mines Limited","541097006.6","Basic Industries","Precious Metals","amex"
"TAS","Tasman Metals Ltd","86486673.9","Basic Industries","Precious Metals","amex"
"TSH","Teche Holding Company","82140156","Finance","Savings Institutions","amex"
"TIK","Tel-Instrument Electronics Corp.","10197928.4","Capital Goods","Electrical Products","amex"
"TGC","Tengasco, Inc.","42247252.035","Energy","Oil & Gas Production","amex"
"TF","Thai Capital Fund Inc","42018462.618","n/a","n/a","amex"
"TPI","Tianyin Pharmaceutical Co., Inc.","19652969.97","Consumer Durables","Major Pharmaceuticals","amex"
"TLR","Timberline Resources Corporation","24484142.32","Basic Industries","Precious Metals","amex"
"TGD","Timmons Gold Corp","404644847.35","Basic Industries","Precious Metals","amex"
"TOF","Tofutti Brands Inc.","8297466.66","Consumer Non-Durables","Specialty Foods","amex"
"TMP","Tompkins Financial Corporation","484848991.62","Finance","Major Banks","amex"
"TAT","Transatlantic Petroleum Ltd","345728928.8034","Energy","Oil & Gas Production","amex"
"TA","TravelCenters of America LLC","144913651.13","Consumer Durables","Automotive Aftermarket","amex"
"TPLM","Triangle Petroleum Corporation","313279922.41","Energy","Oil & Gas Production","amex"
"TRT","Trio-Tech International","5115194.7","Technology","Industrial Machinery/Components","amex"
"TCX","Tucows Inc.","53004003.46","Technology","EDP Services","amex"
"TWO/WS","Two Harbors Investments Corp","0","n/a","n/a","amex"
"HTM","U.S. Geothermal Inc.","30491051.7252","Public Utilities","Electric Utilities: Central","amex"
"UAMY","United States Antimony Corporation","127314404.54","Capital Goods","Metal Fabrications","amex"
"UVE","UNIVERSAL INSURANCE HOLDINGS INC","159077270.88","Finance","Property-Casualty Insurers","amex"
"UPG","Universal Power Group Inc","11235262","Consumer Non-Durables","Telecommunications Equipment","amex"
"UUU","Universal Security Instruments, Inc.","10129884.42","Consumer Non-Durables","Electronic Components","amex"
"UQM","UQM TECHNOLOGIES INC","50819379.95","Capital Goods","Industrial Machinery/Components","amex"
"URG","Ur Energy Inc","112035861.6336","Basic Industries","Precious Metals","amex"
"URZ","Uranerz Energy Corporation","117287872.48","Basic Industries","Precious Metals","amex"
"UEC","Uranium Energy Corp.","200321414.25","Basic Industries","Precious Metals","amex"
"VTG","Vantage Drilling Company","549618150.4","Energy","Oil & Gas Production","amex"
"VSR","Versar, Inc.","35678037.12","Consumer Services","Military/Government/Technical","amex"
"VII","Vicon Industries, Inc.","12296872.575","Consumer Durables","Telecommunications Equipment","amex"
"VHC","VirnetX Holding Corp","1419964509.6","Miscellaneous","Multi-Sector Companies","amex"
"VGZ","Vista Gold Corporation","262896027.4","Basic Industries","Precious Metals","amex"
"VRNG","Vringo, Inc.","257066295.03","Consumer Services","Telecommunications Equipment","amex"
"VRNG/WS","Vringo, Inc.","0","n/a","n/a","amex"
"WAC","Walter Investment Management Corp.","1192874422.74","Consumer Services","Real Estate Investment Trusts","amex"
"WSO/B","Watsco, Inc.","0","Consumer Durables","Industrial Machinery/Components","amex"
"EAD","Wells Fargo Advantage Income Opportunities Fund","740500706.97","n/a","n/a","amex"
"ERC","Wells Fargo Advantage Multi-Sector Income Fund","694328050","n/a","n/a","amex"
"ERH","Wells Fargo Advantage Utilities and High Income Fund","110529120","n/a","n/a","amex"
"WGA","Wells-Gardner Electronics Corporation","23911200","Technology","Radio And Television Broadcasting And Communications Equipment","amex"
"SBI","Western Asset Intermediate Muni Fund Inc","150450192.27","n/a","n/a","amex"
"WRN","Western Copper and Gold Corporation","71274702.28","Basic Industries","Precious Metals","amex"
"RVR","White River Capital, Inc.","80928354.75","Finance","Finance: Consumer Services","amex"
"WYY","WidePoint Corporation","30552891.36","Technology","EDP Services","amex"
"WMCO","Williams Controls, Inc.","78077352.96","Capital Goods","Auto Parts:O.E.M.","amex"
"WEX","Winland Electronics, Inc.","1851185.163","Capital Goods","Industrial Machinery/Components","amex"
"WTT","Wireless Telecom Group,  Inc.","29822079.39","Capital Goods","Electrical Products","amex"
"WIS^","Wisconsin Power & Light Co.","0","Public Utilities","Power Generation","amex"
"YMI","YM BioSciences, Inc.","253650336.73","Consumer Durables","Major Pharmaceuticals","amex"
"ZBB","ZBB Energy Corporation","21796758.335","Public Utilities","Electric Utilities: Central","amex"
