"ABBV","AbbVie Inc.","69098101243.82","Health Care","Major Pharmaceuticals","nyse"
"ABR^A","Arbor Realty Trust","0","n/a","n/a","nyse"
"ABR^B","Arbor Realty Trust","0","n/a","n/a","nyse"
"ACT","Actavis, Inc.","15318492067.83","Health Care","Major Pharmaceuticals","nyse"
"AEP^A","American Electric Power Company, Inc.","0","Public Utilities","Electric Utilities: Central","nyse"
"AF^C","Astoria Financial Corporation","0","n/a","n/a","nyse"
"AGI","Alamos Gold Inc","1820525584.08","Basic Industries","Precious Metals","nyse"
"AGM^A","Federal Agricultural Mortgage Corporation","0","n/a","n/a","nyse"
"AGP","AMERIGROUP Corporation","4460191344.8","Health Care","Medical Specialities","nyse"
"AHH","Armada Hoffler Properties, Inc.","0","Finance","Real Estate","nyse"
"AHL^","Aspen Insurance Holdings Limited","0","n/a","n/a","nyse"
"AHL^C","Aspen Insurance Holdings Limited","0","n/a","n/a","nyse"
"AIB","Apollo Investment Corporation","0","n/a","n/a","nyse"
"AIF","Apollo Tactical Income Fund Inc.","0","n/a","n/a","nyse"
"AIQ","Alliance HealthCare Services, Inc.","73724519.97","Health Care","Medical Specialities","nyse"
"AIW","Arlington Asset Investment Corp","0","Finance","Finance/Investors Services","nyse"
"ALDW","Alon USA Partners, LP","1540685811.55","Energy","Integrated oil Companies","nyse"
"ALL^B","Allstate Corporation (The)","0","n/a","n/a","nyse"
"APAM","Artisan Partners Asset Management Inc.","594044797.67","Finance","Investment Managers","nyse"
"ARDC","Ares Dynamic Credit Allocation Fund, Inc.","0","n/a","n/a","nyse"
"ARPI","American Residential Properties, Inc.","0","Consumer Services","Real Estate Investment Trusts","nyse"
"ARR^B","ARMOUR Residential REIT, Inc.","0","n/a","n/a","nyse"
"ART","ARTIO GLOBAL INVESTORS INC.","150095128.68","Finance","Investment Managers","nyse"
"AVF","American International Group, Inc.","0","Finance","Property-Casualty Insurers","nyse"
"AVIV","Aviv REIT, Inc.","1255365239.94","Consumer Services","Real Estate Investment Trusts","nyse"
"AXLL","Axiall Corporation","2894675462.25","Basic Industries","Major Chemicals","nyse"
"AXS^A","Axis Capital Holdings Limited","0","n/a","n/a","nyse"
"AXS^A/CL","Axis Capital Holdings Limited","0","n/a","n/a","nyse"
"AXS^D","Axis Capital Holdings Limited","0","n/a","n/a","nyse"
"BAC^C/CL","Bank of America Corporation","0","n/a","n/a","nyse"
"BAC^H","Bank of America Corporation","0","n/a","n/a","nyse"
"BAC^U/CL","Bank of America Corporation","0","n/a","n/a","nyse"
"BAC^V/CL","Bank of America Corporation","0","n/a","n/a","nyse"
"BAC^W/CL","Bank of America Corporation","0","n/a","n/a","nyse"
"BAC^X/CL","Bank of America Corporation","0","n/a","n/a","nyse"
"BAC^Y/CL","Bank of America Corporation","0","n/a","n/a","nyse"
"BBT^F","BB&T Corporation","0","n/a","n/a","nyse"
"BBT^G","BB&T Corporation","0","n/a","n/a","nyse"
"BCC","Boise Cascade, L.L.C.","1192267182.96","Consumer Services","RETAIL: Building Materials","nyse"
"BDN^D","Brandywine Realty Trust","0","n/a","n/a","nyse"
"BEAM^A/CL","Beam Inc.","0","n/a","n/a","nyse"
"BFAM","Bright Horizons Family Solutions Inc.","2258484331.71","Miscellaneous","Other Consumer Services","nyse"
"BFS^B","Saul Centers, Inc.","0","n/a","n/a","nyse"
"BFS^C","Saul Centers, Inc.","0","n/a","n/a","nyse"
"BGH","Babson Capital Global Short Duration High Yield Fund","454915000","n/a","n/a","nyse"
"BHLB","Berkshire Hills Bancorp, Inc.","677107080","Finance","Banks","nyse"
"BIOA/U","BioAmber Inc.","0","n/a","n/a","nyse"
"BIT","BlackRock Multi-Sector Income Trust","0","n/a","n/a","nyse"
"BK^E","Bank Of New York Mellon Corporation (The)","0","n/a","n/a","nyse"
"BK^F","Bank Of New York Mellon Corporation (The)","0","n/a","n/a","nyse"
"BML^N","Bank of America Corporation","0","n/a","n/a","nyse"
"BML^N/CL","Bank of America Corporation","0","n/a","n/a","nyse"
"BML^O","Bank of America Corporation","0","n/a","n/a","nyse"
"BML^O/CL","Bank of America Corporation","0","n/a","n/a","nyse"
"BML^Q","Bank of America Corporation","0","n/a","n/a","nyse"
"BMR^A","Biomed Realty Trust","0","n/a","n/a","nyse"
"BOI","Brookfield Mortgage Opportunity Income Fund Inc.","0","n/a","n/a","nyse"
"BOX","SeaCube Container Leasing Ltd.","364176044.05","n/a","n/a","nyse"
"BPP","Blackrock Preferred Oopportunity Trust","225122299.15","n/a","n/a","nyse"
"BPY","Brookfield Property Partners L.P.","1677124427.88","Finance","Real Estate","nyse"
"BRSS","Global Brass and Copper Holdings, Inc.","0","Capital Goods","Metal Fabrications","nyse"
"BWF","Wells Fargo & Company","0","Finance","Major Banks","nyse"
"BXG","Bluegreen Corporation","176699672.8","Finance","Real Estate","nyse"
"BXMT","Capital Trust, Inc.","747978876.47","Consumer Services","Real Estate Investment Trusts","nyse"
"BXP^B","Boston Properties, Inc.","0","n/a","n/a","nyse"
"BZMD","Beazer Homes USA, Inc.","0","Capital Goods","Homebuilding","nyse"
"C^C","Citigroup Inc.","0","n/a","n/a","nyse"
"C^G","Citigroup Inc.","0","Finance","Major Banks","nyse"
"C^H","Citigroup Inc.","0","Finance","Major Banks","nyse"
"C^I","Citigroup Inc.","0","n/a","n/a","nyse"
"C^I/CL","Citigroup Inc.","0","n/a","n/a","nyse"
"C^M","Citigroup Inc.","0","Finance","Major Banks","nyse"
"C^M/CL","Citigroup Inc.","0","n/a","n/a","nyse"
"C^O","Citigroup Inc.","0","n/a","n/a","nyse"
"C^U","Citigroup Inc.","0","Finance","Major Banks","nyse"
"C^V","Citigroup Inc.","0","Finance","Property-Casualty Insurers","nyse"
"C^Z","Citigroup Inc.","0","n/a","n/a","nyse"
"CASC","Cascade Corporation","616643678.52","Capital Goods","Construction/Ag Equipment/Trucks","nyse"
"CBE","Cooper Industries, plc.","11982499753","Capital Goods","Electrical Products","nyse"
"CBL^C/CL","CBL & Associates Properties, Inc.","0","n/a","n/a","nyse"
"CCV","Comcast Corporation","0","Consumer Services","Television Services","nyse"
"CDE/WS","Coeur Mining, Inc.","0","n/a","n/a","nyse"
"CDR^A","Cedar Realty Trust, Inc.","0","n/a","n/a","nyse"
"CEG^A","Constellation Energy Group, Inc.","0","n/a","n/a","nyse"
"CEG^A/CL","Constellation Energy Group, Inc.","0","n/a","n/a","nyse"
"CFR^A","Cullen/Frost Bankers, Inc.","0","n/a","n/a","nyse"
"CGG","CGG","4261636156","Energy","Oil & Gas Production","nyse"
"CGV","Compagnie Generale de Geophysique-Veritas","4922375444.47","Energy","Oil & Gas Production","nyse"
"CLV","Cliffs Natural Resources Inc.","0","Basic Industries","Precious Metals","nyse"
"CMO^A","Capstead Mortgage Corporation","0","Consumer Services","Real Estate Investment Trusts","nyse"
"CMO^B","Capstead Mortgage Corporation","0","Consumer Services","Real Estate Investment Trusts","nyse"
"CMO^E","Capstead Mortgage Corporation","0","n/a","n/a","nyse"
"CMS^A","CMS Energy Corporation","0","Public Utilities","Power Generation","nyse"
"CMS^A/CL","CMS Energy Corporation","0","n/a","n/a","nyse"
"COF^B","Capital One Financial Corporation","0","n/a","n/a","nyse"
"COR^A","CoreSite Realty Corporation","0","n/a","n/a","nyse"
"CORR","CorEnergy Infrastructure Trust, Inc.","186124542.57","n/a","n/a","nyse"
"CPE^A","Callon Petroleum Company","0","n/a","n/a","nyse"
"CPP","Merrill Lynch Depositor, Inc.","0","Finance","Finance: Consumer Services","nyse"
"CRP","Credit Suisse AG","0","Finance","Investment Bankers/Brokers/Service","nyse"
"CSG","Chambers Street Properties","0","Consumer Services","Real Estate Investment Trusts","nyse"
"CST","CST Brands, Inc.","2337314533","Consumer Durables","Automotive Aftermarket","nyse"
"CSTM","Constellium N.V.","0","Basic Industries","Metal Fabrications","nyse"
"CT","Capital Trust, Inc.","80153780.92","Consumer Services","Real Estate Investment Trusts","nyse"
"CTY","Qwest Corporation","0","Public Utilities","Telecommunications Equipment","nyse"
"CUZ^A","Cousins Properties Incorporated","0","n/a","n/a","nyse"
"CVH","Coventry Health Care, Inc.","5830554220.92","Health Care","Medical Specialities","nyse"
"CVRR","CVR Refining, LP","4540176000","Energy","Integrated oil Companies","nyse"
"CXS","Crexus Investment Corp.","862859745.28","Consumer Services","Real Estate Investment Trusts","nyse"
"CYN^C","City National Corporation","0","n/a","n/a","nyse"
"CYNI","Cyan, Inc.","0","Technology","EDP Services","nyse"
"CYS^B","CYS Investments, Inc.","0","n/a","n/a","nyse"
"DATA","Tableau Software, Inc.","0","Technology","Computer Software: Prepackaged Software","nyse"
"DDC","Dominion Diamond Corporation","1283077668.1","Basic Industries","Precious Metals","nyse"
"DDR^K","DDR Corp.","0","n/a","n/a","nyse"
"DEXO","Dex One Corporation","64019560.5","Consumer Services","Advertising","nyse"
"DFP","Flaherty & Crumrine Dynamic Preferred and Income Fund Inc.","0","n/a","n/a","nyse"
"DKL","Delek Logistics Partners, L.P.","859146872.8","Energy","Natural Gas Distribution","nyse"
"DLR^G","Digital Realty Trust, Inc.","0","n/a","n/a","nyse"
"DM^B","Dolan Company (The)","0","n/a","n/a","nyse"
"DMB","Dreyfus Municipal Bond Infrastructure Fund, Inc.","0","n/a","n/a","nyse"
"DRE^O","Duke Realty Corporation","0","n/a","n/a","nyse"
"DSL","DoubleLine Income Solutions Fund","0","n/a","n/a","nyse"
"DTG","Dollar Thrifty Automotive Group, Inc.","2377925415.75","Consumer Services","Rental/Leasing Companies","nyse"
"DUF","Duff & Phelps Corporation","565394223.99","Finance","Investment Bankers/Brokers/Service","nyse"
"DUKH","Duke Energy Corporation","0","Public Utilities","Power Generation","nyse"
"DX^B","Dynex Capital, Inc.","0","n/a","n/a","nyse"
"EAB","Entergy Arkansas, Inc.","0","Public Utilities","Electric Utilities: Central","nyse"
"EARN","Ellington Residential Mortgage REIT","168510824.1","Consumer Services","Real Estate Investment Trusts","nyse"
"ECOM          ","ChannelAdvisor Corporation","0","Technology","Computer Software: Prepackaged Software","nyse"
"EDI","Stone Harbor Emerging Markets Total Income Fund","276776000","n/a","n/a","nyse"
"ELU","Entergy Louisiana, Inc.","0","Public Utilities","Electric Utilities: Central","nyse"
"EMES","Emerge Energy Services LP","0","Energy","Oilfield Services/Equipment","nyse"
"EMN/WS","Eastman Chemical Company","0","n/a","n/a","nyse"
"ENJ","Entergy New Orleans, Inc.","0","Public Utilities","Power Generation","nyse"
"EPR^D/CL","Entertainment Properties Trust","0","n/a","n/a","nyse"
"ERA","Era Group, Inc.","506143121.25","Transportation","Transportation Services","nyse"
"ES","EnergySolutions Inc","265281059.82","Basic Industries","Environmental Services","nyse"
"ETX           ","Eaton Vance Municipal Income Term Trust","0","n/a","n/a","nyse"
"EVER^A","EverBank Financial Corp.","0","n/a","n/a","nyse"
"EVTC","Evertec, Inc.","1605651723.2","Technology","EDP Services","nyse"
"F^A","Ford Motor Company","0","n/a","n/a","nyse"
"F/WS","Ford Motor Company","0","n/a","n/a","nyse"
"FEI           ","First Trust MLP and Energy Income Fund","853347652.16","n/a","n/a","nyse"
"FGC","FPL Group Capital Inc","0","Public Utilities","Electric Utilities: Central","nyse"
"FHN^A","First Horizon National Corporation","0","n/a","n/a","nyse"
"FJA","Merrill Lynch Depositor, Inc.","0","Finance","Finance: Consumer Services","nyse"
"FMER^A","FirstMerit Corporation","0","n/a","n/a","nyse"
"FPC^A","Progress Energy, Inc.","0","Public Utilities","Electric Utilities: Central","nyse"
"FPF","First Trust Intermediate Duration Preferred & Income Fund","0","n/a","n/a","nyse"
"FR^J","First Industrial Realty Trust, Inc.","0","n/a","n/a","nyse"
"FRC^C","FIRST REPUBLIC BANK","0","n/a","n/a","nyse"
"FRC^D","FIRST REPUBLIC BANK","0","n/a","n/a","nyse"
"FSCE","Fifth Street Finance Corp.","0","n/a","n/a","nyse"
"FSR","Flagstone Reinsurance Holdings S.A.","644504422.54","Finance","Property-Casualty Insurers","nyse"
"GAB^F/CL","Gabelli Equity Trust, Inc. (The)","0","n/a","n/a","nyse"
"GCF","Global Income & Currency Fund Inc.","68340840.04","n/a","n/a","nyse"
"GDP^C","Goodrich Petroleum Corporation","0","n/a","n/a","nyse"
"GEA","General Electric Capital Corporation","0","Finance","Finance: Consumer Services","nyse"
"GEC","General Electric Capital Corporation","0","Finance","Finance: Consumer Services","nyse"
"GED","General Electric Capital Corporation","0","Finance","Finance: Consumer Services","nyse"
"GEG","General Electric Capital Corporation","0","Finance","Finance: Consumer Services","nyse"
"GEH","General Electric Capital Corporation","0","Finance","Finance: Consumer Services","nyse"
"GEJ","General Electric Capital Corporation","0","Finance","Finance: Consumer Services","nyse"
"GEK","General Electric Capital Corporation","0","Finance","Finance: Consumer Services","nyse"
"GEN","GenOn Energy, Inc.","2148684559.7","Public Utilities","Electric Utilities: Central","nyse"
"GEP","General Electric Capital Corporation","0","Finance","Finance: Consumer Services","nyse"
"GER","General Electric Capital Corporation","0","Finance","Finance: Consumer Services","nyse"
"GGC","Georgia Gulf Corporation","1339040885.4","Basic Industries","Major Chemicals","nyse"
"GGP^A","General Growth Properties, Inc.","0","Consumer Services","Real Estate Investment Trusts","nyse"
"GHY","Prudential Global Short Duration High Yield Fund, Inc.","725366909.893","n/a","n/a","nyse"
"GJI","SYNTHETIC FIXED INCOME SECURITIES INC","0","Finance","Finance: Consumer Services","nyse"
"GKK","Gramercy Capital Corp","145783678.99","Consumer Services","Real Estate Investment Trusts","nyse"
"GKK^A","Gramercy Capital Corp","0","n/a","n/a","nyse"
"GMT^","GATX Corporation","0","Consumer Services","Transportation Services","nyse"
"GMXR","GMX Resources, Inc.","41331065","Energy","Oil & Gas Production","nyse"
"GMXR^","GMX Resources, Inc.","0","n/a","n/a","nyse"
"GNE^A","Genie Energy Ltd.","0","n/a","n/a","nyse"
"GPT","Gramercy Property Trust Inc.","269568170.46","Consumer Services","Real Estate Investment Trusts","nyse"
"GPT^A","Gramercy Property Trust Inc.","0","n/a","n/a","nyse"
"GRP","Granite Real Estate Inc.","1781523820.32","Finance","Real Estate","nyse"
"GRP/U","Granite Real Estate Inc.","0","n/a","n/a","nyse"
"GRT^I","Glimcher Realty Trust","0","n/a","n/a","nyse"
"GS^I","Goldman Sachs Group, Inc. (The)","0","n/a","n/a","nyse"
"GS^J","Goldman Sachs Group, Inc. (The)","0","n/a","n/a","nyse"
"GT","Goodyear Tire & Rubber Company (The)","3032191702.89","Consumer Durables","Automotive Aftermarket","nyse"
"GT^A","Goodyear Tire & Rubber Company (The)","0","n/a","n/a","nyse"
"GWF","Wells Fargo & Company","0","Finance","Major Banks","nyse"
"GYA","Corporate Asset Backed Corp CABCO","0","Finance","Finance: Consumer Services","nyse"
"HASI","Hannon Armstrong Sustainable Infrastructure Capital, Inc.","189928332.69","Consumer Services","Real Estate Investment Trusts","nyse"
"HBC^","HSBC Holdings plc","0","Consumer Services","Real Estate Investment Trusts","nyse"
"HCI","Homeowners Choice, Inc.","351715855.5","Finance","Property-Casualty Insurers","nyse"
"HCJ","Homeowners Choice, Inc.","0","Finance","Property-Casualty Insurers","nyse"
"HEK","Heckmann Corporation","638682752.57","Energy","Oilfield Services/Equipment","nyse"
"HIG^A","Hartford Financial Services Group, Inc. (The)","0","Finance","Property-Casualty Insurers","nyse"
"HJL","MS Structured Asset Corp Saturns GE Cap Corp Series 2002-14","0","Finance","Finance: Consumer Services","nyse"
"HJO","MS Structured Asset Corp Saturns GE Cap Corp Series 2002-14","0","Finance","Finance: Consumer Services","nyse"
"HJT","MS Structured Asset Corp Saturns GE Cap Corp Series 2002-14","0","Finance","Finance: Consumer Services","nyse"
"HNZ^","H.J. Heinz Company","0","Consumer Non-Durables","Packaged Foods","nyse"
"HPT^C","Hospitality Properites Trust","0","n/a","n/a","nyse"
"HPT^C/CL","Hospitality Properites Trust","0","n/a","n/a","nyse"
"HT^A","Hersha Hospitality Trust","0","n/a","n/a","nyse"
"HT^C","Hersha Hospitality Trust","0","n/a","n/a","nyse"
"HWD","Harry Winston Diamond Corporation","1131380830.73","Basic Industries","Precious Metals","nyse"
"HYK","Lehman ABS Corporation","0","Finance","Finance: Consumer Services","nyse"
"I","Intelsat S.A.","2318843539.74","Consumer Services","Telecommunications Equipment","nyse"
"I^A","Intelsat S.A.","0","n/a","n/a","nyse"
"IIT","PT Indosat Tbk","3400555584.3","Public Utilities","Telecommunications Equipment","nyse"
"INFY","Infosys Limited","24958864082.88","Technology","EDP Services","nyse"
"INN^B","Summit Hotel Properties, Inc.","0","n/a","n/a","nyse"
"INN^C","Summit Hotel Properties, Inc.","0","n/a","n/a","nyse"
"IPL^B","Interstate Power and Light Company","0","n/a","n/a","nyse"
"IPL^D","Interstate Power and Light Company","0","n/a","n/a","nyse"
"IRET","Investors Real Estate Trust","900798720.81","Consumer Services","Real Estate Investment Trusts","nyse"
"IRET^","Investors Real Estate Trust","0","n/a","n/a","nyse"
"ISH^A","International Shipholding Corporation","0","n/a","n/a","nyse"
"IVH","Ivy High Income Opportunities Fund","0","n/a","n/a","nyse"
"JEF","Jefferies Group, Inc.","2924994427.2","Finance","Investment Bankers/Brokers/Service","nyse"
"JMI","Javelin Mortgage Investment Corp.","127725982.5","Consumer Services","Real Estate Investment Trusts","nyse"
"JMI           ","Javelin Mortgage Investment Corp.","202230749","Consumer Services","Real Estate Investment Trusts","nyse"
"JMPB","JMP Group Inc","0","Finance","Investment Bankers/Brokers/Service","nyse"
"JPM^A","J P Morgan Chase & Co","0","n/a","n/a","nyse"
"JPM^J","J P Morgan Chase & Co","0","Finance","Major Banks","nyse"
"JPM^K","J P Morgan Chase & Co","0","n/a","n/a","nyse"
"JPM^O","J P Morgan Chase & Co","0","n/a","n/a","nyse"
"JPM^P","J P Morgan Chase & Co","0","n/a","n/a","nyse"
"JPM^S","J P Morgan Chase & Co","0","n/a","n/a","nyse"
"JPM^W","J P Morgan Chase & Co","0","n/a","n/a","nyse"
"JPM^X","J P Morgan Chase & Co","0","n/a","n/a","nyse"
"JPM^Y","J P Morgan Chase & Co","0","n/a","n/a","nyse"
"JWF","Wells Fargo & Company","0","Finance","Major Banks","nyse"
"JZS","Lehman ABS Corporation","0","Finance","Finance: Consumer Services","nyse"
"KBW","KBW Inc","554995310.04","Finance","Investment Bankers/Brokers/Service","nyse"
"KFN^","KKR Financial Holdings LLC","0","n/a","n/a","nyse"
"KH","China Kanghui Holdings","718260793.04","Health Care","Medical/Dental Instruments","nyse"
"KIM^K","Kimco Realty Corporation","0","n/a","n/a","nyse"
"KNOP","KNOT Offshore Partners LP","201507600","Consumer Services","Marine Transportation","nyse"
"KNR","Lehman ABS Corporation","0","Finance","Finance: Consumer Services","nyse"
"KNXA","Kenexa Corporation","1266619526.9","Technology","Computer Software: Prepackaged Software","nyse"
"KRJ","Lehman ABS Corporation","0","Finance","Finance: Consumer Services","nyse"
"KSA","Lehman ABS Corporation","0","Finance","Finance: Consumer Services","nyse"
"KWN","Kennedy-Wilson Holdings Inc.","0","Finance","Real Estate","nyse"
"KYN^D","Kayne Anderson MLP Investment Company","0","n/a","n/a","nyse"
"KYN^F","Kayne Anderson MLP Investment Company","0","n/a","n/a","nyse"
"LGP","Lehigh Gas Partners LP","363482712.6","Energy","Oil Refining/Marketing","nyse"
"LHO^I","LaSalle Hotel Properties","0","n/a","n/a","nyse"
"LNC^","Lincoln National Corporation","0","Finance","Life Insurance","nyse"
"LNC^/CL","Lincoln National Corporation","0","n/a","n/a","nyse"
"LND","Brasilagro Cia Brasileira De Propriedades Agricolas","314312512","Consumer Non-Durables","Farming/Seeds/Milling","nyse"
"LSE^C","Caplease, Inc.","0","n/a","n/a","nyse"
"LSI","LSI Logic Corporation","3601851592.36","Technology","Semiconductors","nyse"
"LXP^D","Lexington Realty Trust","0","n/a","n/a","nyse"
"MCV","Medley Capital Corporation","0","n/a","n/a","nyse"
"MDF","Metropolitan Health Networks, Inc.","463902984.96","Health Care","Medical/Nursing Services","nyse"
"MFA^A","America First Mortgage Investments, Inc.","0","n/a","n/a","nyse"
"MFA^B","MFA Financial, Inc.","0","n/a","n/a","nyse"
"MGI","Moneygram International, Inc.","933810769.5","Miscellaneous","Business Services","nyse"
"MHFI","McGraw Hill Financial, Inc.","14971342000","Finance","Finance: Consumer Services","nyse"
"MHP","McGraw-Hill Companies, Inc. (The)","15716418000","Consumer Services","Books","nyse"
"MIE","Cohen & Steers MLP Income and Energy Opportunity Fund, Inc.","0","n/a","n/a","nyse"
"MKS","MS Structured Asset Corp Saturns GE Cap Corp Series 2002-14","0","Finance","Finance: Consumer Services","nyse"
"MMR","McMoRan Exploration Company","1903685856.24","Energy","Oil & Gas Production","nyse"
"MODN","Model N, Inc.","433252966.34","Technology","Computer Software: Programming, Data Processing","nyse"
"MPLX","MPLX LP","2602125686.3","Energy","Natural Gas Distribution","nyse"
"MRIN","Marin Software Incorporated","361662467.4","Technology","EDP Services","nyse"
"MRX","Medicis Pharmaceutical Corporation","2587453505.6","Consumer Durables","Major Pharmaceuticals","nyse"
"MSCA","Main Street Capital Corporation","0","n/a","n/a","nyse"
"MTB/WS","M&T Bank Corporation","0","n/a","n/a","nyse"
"MTCN","ArcelorMittal","0","Basic Industries","Steel/Iron Ore","nyse"
"MTE","Mahanagar Telephone Nigam Ltd","333900000","Public Utilities","Telecommunications Equipment","nyse"
"MUSA","Metals USA Holdings Corp.","477509471.01","Basic Industries","Metal Fabrications","nyse"
"MVCB","MVC Capital, Inc.","0","n/a","n/a","nyse"
"MXE^","Mexico Equity and Income Fund, Inc. (The)","0","n/a","n/a","nyse"
"NAZ^D","Nuveen Arizona Premium Income Municipal Fund","0","n/a","n/a","nyse"
"NEE^I","NextEra Energy, Inc.","0","n/a","n/a","nyse"
"NEE^J","NextEra Energy, Inc.","0","n/a","n/a","nyse"
"NES","Nuverra Environmental Solutions, Inc.","963364829.72","Energy","Oilfield Services/Equipment","nyse"
"NGT","Eastern American Natural Gas Trust","124490000","Energy","Oil & Gas Production","nyse"
"NID","Nuveen Intermediate Duration Municipal Term Fund","0","n/a","n/a","nyse"
"NIF","Nuveen Premier Municipal Opportunity Fund, Inc.","306958859.4","n/a","n/a","nyse"
"NIQ","Nuveenn Intermediate Duration Quality Municipal Term Fund","0","n/a","n/a","nyse"
"NKR^C","Nuveen Arizona Dividend Advantage Municipal Fund 2","0","n/a","n/a","nyse"
"NMP","Nuveen Michigan Premium Income Municipal Fund, Inc.","116974866.24","n/a","n/a","nyse"
"NNF","Nuveen New York Premium Income Municipal Fund, Inc.","137512898.289","n/a","n/a","nyse"
"NNN^E","National Retail Properties","0","n/a","n/a","nyse"
"NPX","Nuveen Premium Income Municipal Opportunity Fund","547228950.8","n/a","n/a","nyse"
"NQN","Nuveen New York Investment Quality Municipal Fund, Inc.","273319207.74","n/a","n/a","nyse"
"NRC","National Rural Utilities Cooperative Finance Corp","0","Finance","Diversified Financial Services","nyse"
"NRF^D","Northstar Realty Finance Corp.","0","n/a","n/a","nyse"
"NRU","National Rural Utilities Cooperative Finance Corp","0","Finance","Diversified Financial Services","nyse"
"NRZ","New Residential Investment Corp.","0","Consumer Services","Real Estate Investment Trusts","nyse"
"NSLP","New Source Energy Partners L.P.","190703340","Energy","Oil & Gas Production","nyse"
"NSS","NuStar Logistics, L.P.","0","Energy","Natural Gas Distribution","nyse"
"NUN","Nuveen New York Quality Income Municipal Fund, Inc.","370290971.52","n/a","n/a","nyse"
"NUO^C","Nuveen Ohio Quality Income Municipal Fund","0","n/a","n/a","nyse"
"NVN","Nuveen New York Select Quality Municipal Fund, Inc.","372380346.45","n/a","n/a","nyse"
"NXE^C","Nuveen Arizona Dividend Advantage Municipal Fund 3","0","n/a","n/a","nyse"
"NXI^C","Nuveen Ohio Dividend Advantage Municipal Fund","0","n/a","n/a","nyse"
"NXY","Nexen, Inc.","13462134239","Energy","Oil & Gas Production","nyse"
"NXY^B","Nexen, Inc.","0","n/a","n/a","nyse"
"NYB","New York Community Bancorp, Inc.","6380386646.85","Finance","Banks","nyse"
"NYB^U","New York Community Bancorp, Inc.","0","n/a","n/a","nyse"
"NYCB","New York Community Bancorp, Inc.","5762019353.35","Finance","Banks","nyse"
"NYCB^U","New York Community Bancorp, Inc.","0","n/a","n/a","nyse"
"OAKS","Five Oaks Investment Corp.","100124337.5","Consumer Services","Real Estate Investment Trusts","nyse"
"OCCH","COCA COLA HELLENIC BOTTLING CO","9559715462.56","Consumer Non-Durables","Beverages (Production/Distribution)","nyse"
"OFC^J","Corporate Office Properties Trust","0","n/a","n/a","nyse"
"OFG^D","OFG Bancorp","0","n/a","n/a","nyse"
"ONE","Higher One Holdings, Inc.","652769287.75","Miscellaneous","Business Services","nyse"
"ONE           ","Higher One Holdings, Inc.","497576115.3","Miscellaneous","Business Services","nyse"
"OSG","Overseas Shipholding Group, Inc.","100456216.25","Transportation","Marine Transportation","nyse"
"PBF","PBF Energy Inc.","664730609.4","Energy","Integrated oil Companies","nyse"
"PBI^","Pitney Bowes Inc","0","Miscellaneous","Office Equipment/Supplies/Services","nyse"
"PBI^A","Pitney Bowes Inc","0","n/a","n/a","nyse"
"PBI^B","Pitney Bowes Inc","0","n/a","n/a","nyse"
"PC","Panasonic Corporation","14748598207.42","Energy","Consumer Electronics/Appliances","nyse"
"PCI","PIMCO Dynamic Credit Income Fund","0","n/a","n/a","nyse"
"PCS","MetroPCS Communications, Inc.","3986764516.15","Public Utilities","Telecommunications Equipment","nyse"
"PE^A","Peco Energy Company","0","Public Utilities","Power Generation","nyse"
"PE^B","Peco Energy Company","0","Public Utilities","Power Generation","nyse"
"PE^C","Peco Energy Company","0","Public Utilities","Power Generation","nyse"
"PE^D","Peco Energy Company","0","Public Utilities","Power Generation","nyse"
"PEB^C","Pebblebrook Hotel Trust","0","n/a","n/a","nyse"
"PF","Pinnacle Foods, Inc.","2810814053.04","Consumer Non-Durables","Packaged Foods","nyse"
"PFSI","PennyMac Financial Services, Inc.","0","Finance","Finance: Consumer Services","nyse"
"PGEM","Ply Gem Holdings, Inc.","0","Basic Industries","Forest Products","nyse"
"PHR","Prudential Financial, Inc.","0","Finance","Life Insurance","nyse"
"PHR/CL","Prudential Financial, Inc.","0","n/a","n/a","nyse"
"PIJ/CL","Merrill Lynch Depositor, Inc.","0","n/a","n/a","nyse"
"PIS","Merrill Lynch Depositor, Inc.","0","Finance","Finance: Consumer Services","nyse"
"PJH","Prudential Financial, Inc.","0","Finance","Life Insurance","nyse"
"PJI","PPlus Trust","0","Finance","Finance: Consumer Services","nyse"
"PKJ","Merrill Lynch Depositor, Inc.","0","Finance","Finance: Consumer Services","nyse"
"PKK","Merrill Lynch Depositor, Inc.","0","Finance","Finance: Consumer Services","nyse"
"PKY^D","Parkway Properties, Inc.","0","n/a","n/a","nyse"
"PLD^L","AMB Property Corporation","0","n/a","n/a","nyse"
"PLD^M","AMB Property Corporation","0","n/a","n/a","nyse"
"PLD^O","AMB Property Corporation","0","n/a","n/a","nyse"
"PLD^P","AMB Property Corporation","0","n/a","n/a","nyse"
"PLD^R","AMB Property Corporation","0","n/a","n/a","nyse"
"PLD^S","AMB Property Corporation","0","n/a","n/a","nyse"
"PNC^L","PNC Financial Services Group, Inc. (The)","0","n/a","n/a","nyse"
"PNTA","PennantPark Investment Corporation","0","n/a","n/a","nyse"
"PPC","Pilgrim&#39;s Pride Corporation","1123740393.72","Consumer Non-Durables","Meat/Poultry/Fish","nyse"
"PPX","PPL Capital Funding, Inc.","0","Public Utilities","Electric Utilities: Central","nyse"
"PRE^C","PartnerRe Ltd.","0","n/a","n/a","nyse"
"PRE^F","PartnerRe Ltd.","0","n/a","n/a","nyse"
"PRGN","Paragon Shipping Inc.","24702757.92","Transportation","Marine Transportation","nyse"
"PRH","Prudential Financial, Inc.","0","Finance","Life Insurance","nyse"
"PSA^A","Public Storage","0","n/a","n/a","nyse"
"PSA^D","Public Storage","0","Consumer Services","Real Estate Investment Trusts","nyse"
"PSA^W","Public Storage","0","n/a","n/a","nyse"
"PSA^X","Public Storage","0","n/a","n/a","nyse"
"PSA^Z","Public Storage","0","n/a","n/a","nyse"
"PSB^V","PS Business Parks, Inc.","0","n/a","n/a","nyse"
"PSW","Blackrock Preferred and Corporate Income Strategies Fund Inc","109512813.42","n/a","n/a","nyse"
"PSY","BlackRock Credit Allocation Income Trust I, Inc","473366048.8","n/a","n/a","nyse"
"PVTD","PrivateBancorp, Inc.","0","Finance","Major Banks","nyse"
"PXP","Plains Exploration & Production Company","4902000000","Energy","Oil & Gas Production","nyse"
"PYA","PPlus Trust","0","Finance","Finance: Consumer Services","nyse"
"PYL","PPlus Trust","0","Finance","Finance: Consumer Services","nyse"
"Q","Quintiles Transitional Holdings Inc.","5001159704.1","Health Care","Biotechnology: Commercial Physical & Biological Resarch","nyse"
"RAH","Ralcorp Holdings, Inc.","4026730805.46","Consumer Non-Durables","Packaged Foods","nyse"
"RALY","Rally Software Development Corp.","490140289.95","Technology","Computer Software: Prepackaged Software","nyse"
"RBN","Robbins & Myers, Inc.","2514963242.4","Capital Goods","Fluid Controls","nyse"
"RC","Grupo Radio Centro, S.A. de C.V.","191653363.6","Consumer Services","Broadcasting","nyse"
"RE^B","Everest Re Group, Ltd.","0","n/a","n/a","nyse"
"REN","Resolute Energy Corporation","542462176.56","Energy","Oil & Gas Production","nyse"
"REN           ","Resolute Energy Corporation","659931126.4","Energy","Oil & Gas Production","nyse"
"RESI","Altisource Residential Corporation","424779000.6","Finance","Real Estate","nyse"
"RF^A","Regions Financial Corporation","0","n/a","n/a","nyse"
"RF^Z","Regions Financial Corporation","0","n/a","n/a","nyse"
"RFO^A/CL","Royce Focus Trust, Inc.","0","n/a","n/a","nyse"
"RH","Restoration Hardware Holdings Inc.","2179401781.48","Consumer Services","Other Specialty Stores","nyse"
"RIOM","Rio Alto Mining Limited","506550764.16","Basic Industries","Precious Metals","nyse"
"RKUS","Ruckus Wireless, Inc.","893876038.54","Technology","Computer peripheral equipment","nyse"
"RMT^A/CL","Royce Micro-Cap Trust, Inc.","0","n/a","n/a","nyse"
"RNR^D","RenaissanceRe Holdings Ltd.","0","n/a","n/a","nyse"
"RNR^D/CL","RenaissanceRe Holdings Ltd.","0","n/a","n/a","nyse"
"RNR^E","RenaissanceRe Holdings Ltd.","0","n/a","n/a","nyse"
"RPAI^A","Retail Properties of America, Inc.","0","n/a","n/a","nyse"
"RVT^B/CL","Royce Value Trust, Inc.","0","n/a","n/a","nyse"
"SAB","Grupo Casa Saba, S.A. de C.V.","219167311.742","Health Care","Other Pharmaceuticals","nyse"
"SAQ","Saratoga Investment Corp","0","n/a","n/a","nyse"
"SBGL","Sibanye Gold Limited","2453462280.54","Basic Industries","Precious Metals","nyse"
"SBX","SeaBright Holdings, Inc.","248407190.78","Finance","Property-Casualty Insurers","nyse"
"SBY","Silver Bay Realty Trust Corp.","700080716.14","Consumer Services","Real Estate Investment Trusts","nyse"
"SCE^G","Southern California Edison Company","0","n/a","n/a","nyse"
"SCM","Stellus Capital Investment Corporation","183164134.4","n/a","n/a","nyse"
"SDLP","Seadrill Partners LLC","1198152123.75","Energy","Oil & Gas Production","nyse"
"SEAS","SeaWorld Entertainment, Inc.","3415004211.6","Consumer Services","Services-Misc. Amusement & Recreation","nyse"
"SEH","Spartech Corporation","158589671.65","Basic Industries","Containers/Packaging","nyse"
"SFN","Stifel Financial Corporation","1262984412.48","Finance","Investment Bankers/Brokers/Service","nyse"
"SGZ","Selective Insurance Group, Inc.","0","Finance","Property-Casualty Insurers","nyse"
"SGZA","Selective Insurance Group, Inc.","0","Finance","Property-Casualty Insurers","nyse"
"SHAW","Shaw Group Inc. (The)","2883310671.19","Capital Goods","Metal Fabrications","nyse"
"SHF","Schiff Nutrition International, Inc.","679682976","Consumer Non-Durables","Food Distributors","nyse"
"SHO^A","Sunstone Hotel Investors, Inc.","0","n/a","n/a","nyse"
"SHP","ShangPharma Corporation","146267618.49","Consumer Durables","Major Pharmaceuticals","nyse"
"SHS","Sauer-Danfoss Inc.","1893233001.27","Technology","Industrial Machinery/Components","nyse"
"SLG^C","SL Green Realty Corporation","0","n/a","n/a","nyse"
"SLG^C/CL","SL Green Realty Corporation","0","n/a","n/a","nyse"
"SLRA","Solar Capital Ltd.","0","n/a","n/a","nyse"
"SNV^T","Synovus Financial Corp.","0","n/a","n/a","nyse"
"SPB","Spectrum Brands Holdings, Inc.","2399188509.9","Energy","Industrial Machinery/Components","nyse"
"SPB           ","Spectrum Brands Holdings, Inc.","3222310277.4","Energy","Industrial Machinery/Components","nyse"
"SRZ","Sunrise Senior Living, Inc.","843722740.65","Health Care","Hospital/Nursing Management","nyse"
"SSNI","Silver Spring Networks, Inc.","910924339.44","Technology","Computer Communications Equipment","nyse"
"SSW^D","Seaspan Corporation","0","n/a","n/a","nyse"
"STAG^B","Stag Industrial, Inc.","0","n/a","n/a","nyse"
"STI^E","SunTrust Banks, Inc.","0","n/a","n/a","nyse"
"SUI^A","Sun Communities, Inc.","0","n/a","n/a","nyse"
"SUNE","SunEdison, Inc.","1840606963.26","n/a","n/a","nyse"
"SUSS","Susser Holdings Corporation","1017609014.61","Consumer Non-Durables","Food Chains","nyse"
"SXCP","SunCoke Energy Partners, L.P.","705701420.36","Basic Industries","Steel/Iron Ore","nyse"
"SXE","Southcross Energy Partners, L.P.","531915379.24","Public Utilities","Natural Gas Distribution","nyse"
"SYSW","SYSWIN Inc.","91322437.5","Finance","Real Estate","nyse"
"TA","TravelCenters of America LLC","318665936.29","Consumer Durables","Automotive Aftermarket","nyse"
"TAM","Taminco Corporation","1211944378.04","Basic Industries","Major Chemicals","nyse"
"TANN","TravelCenters of America LLC","0","Consumer Durables","Automotive Aftermarket","nyse"
"TCB^C","TCF Financial Corporation","0","n/a","n/a","nyse"
"TCCA","Triangle Capital Corporation","0","n/a","n/a","nyse"
"TCO^K","Taubman Centers, Inc.","0","n/a","n/a","nyse"
"TDA","Telephone and Data Systems, Inc.","0","Public Utilities","Telecommunications Equipment","nyse"
"TEA","Teavana Holdings, Inc.","477396956.25","Consumer Non-Durables","Food Chains","nyse"
"TEP","Tallgrass Energy Partners, LP","502459275","Public Utilities","Natural Gas Distribution","nyse"
"THGA","The Hanover Insurance Group, Inc.","0","Finance","Property-Casualty Insurers","nyse"
"TIE","Titanium Metals Corporation","2121748700.88","Basic Industries","Metal Fabrications","nyse"
"TMHC","Taylor Morrison Home Corporation","3061393368.92","Capital Goods","Homebuilding","nyse"
"TMK^A/CL","Torchmark Corporation","0","n/a","n/a","nyse"
"TMUS","T-Mobile US, Inc.","15094069463.22","Public Utilities","Telecommunications Equipment","nyse"
"TNP^B","Tsakos Energy Navigation Ltd","0","n/a","n/a","nyse"
"TNS","TNS, Inc.","340556395.11","Miscellaneous","Business Services","nyse"
"TOO^A","Teekay Offshore Partners L.P.","0","n/a","n/a","nyse"
"TPGI","Thomas Properties Group, Inc.","311840588.64","Finance","Real Estate","nyse"
"TPH","Tri Pointe Homes, Inc.","525473193.41","Capital Goods","Homebuilding","nyse"
"TRU","Torch Energy Royalty Trust","11352000","Energy","Oil & Gas Production","nyse"
"TTO","Tortoise Capital Resources Corporation","82962854.1","n/a","n/a","nyse"
"TYG^A","Tortoise Energy Infrastructure Corporation","0","n/a","n/a","nyse"
"TYG^B","Tortoise Energy Infrastructure Corporation","0","n/a","n/a","nyse"
"UBP^C","Urstadt Biddle Properties Inc.","0","n/a","n/a","nyse"
"UBP^F","Urstadt Biddle Properties Inc.","0","n/a","n/a","nyse"
"USAC","USA Compression Partners, LP","325822584.3","Public Utilities","Natural Gas Distribution","nyse"
"USB^L","U.S. Bancorp","0","n/a","n/a","nyse"
"USB^O","U.S. Bancorp","0","n/a","n/a","nyse"
"VET","Vermilion Energy Inc.","5091595517.043","Energy","Oil & Gas Production","nyse"
"VIT","Vanceinfo Technologies Inc","311901274.3","Technology","EDP Services","nyse"
"VNO^A","Vornado Realty Trust","0","Consumer Services","Real Estate Investment Trusts","nyse"
"VNO^F","Vornado Realty Trust","0","n/a","n/a","nyse"
"VNO^H","Vornado Realty Trust","0","n/a","n/a","nyse"
"VNO^L","Vornado Realty Trust","0","n/a","n/a","nyse"
"VNR","Vanguard Natural Resources LLC","1532172870.44","Energy","Oil & Gas Production","nyse"
"VOYA","ING U.S. Inc.","7244169209.4","Finance","Life Insurance","nyse"
"VTRB","Ventas Realty, Limited Partnership // Ventas Capital Corporati","0","n/a","n/a","nyse"
"WAC","Walter Investment Management Corp.","1367411729.09","Finance","Finance: Consumer Services","nyse"
"WBS^E","Webster Financial Corporation","0","n/a","n/a","nyse"
"WEX","WEX Inc.","2883912945.75","Miscellaneous","Business Services","nyse"
"WFC^O","Wells Fargo & Company","0","n/a","n/a","nyse"
"WFC^P","Wells Fargo & Company","0","n/a","n/a","nyse"
"WFR","MEMC Electronic Materials, Inc.","565763638.3","Technology","Semiconductors","nyse"
"WGP","Western Gas Equity Partners, LP","7897750181.2","n/a","n/a","nyse"
"WLH","Lyon William Homes","682027400.01","Capital Goods","Homebuilding","nyse"
"WPI","Watson Pharmaceuticals, Inc.","11093669101.35","Consumer Durables","Major Pharmaceuticals","nyse"
"WPK","Wells Fargo & Company","0","Finance","Major Banks","nyse"
"WRB^A","W.R. Berkley Corporation","0","n/a","n/a","nyse"
"WRB^B","W.R. Berkley Corporation","0","n/a","n/a","nyse"
"WRC","Warnaco Group Inc (The)","2146162517.51","Consumer Non-Durables","Apparel","nyse"
"WRI^D","Weingarten Realty Investors","0","n/a","n/a","nyse"
"WRI^E","Weingarten Realty Investors","0","n/a","n/a","nyse"
"WSO/B","Watsco, Inc.","0","Consumer Durables","Industrial Machinery/Components","nyse"
"WWAV","Whitewave Foods Company (The)","393501284.1","Consumer Non-Durables","Packaged Foods","nyse"
"WWAV/B","Whitewave Foods Company (The)","0","n/a","n/a","nyse"
"WXS","Wright Express Corporation","2694797590.26","Miscellaneous","Business Services","nyse"
"XCJ","Xcel Energy Inc.","0","Public Utilities","Power Generation","nyse"
"XFD","Lehman ABS Corporation","0","Finance","Finance: Consumer Services","nyse"
"XFH","Lehman ABS Corporation","0","Finance","Finance: Consumer Services","nyse"
"ZB^B","Zions Bancorporation","0","n/a","n/a","nyse"
"ZB^G","Zions Bancorporation","0","n/a","n/a","nyse"
"ZB^H","Zions Bancorporation","0","n/a","n/a","nyse"
"ZFC","ZAIS Financial Corp.","138852834.12","Consumer Services","Real Estate Investment Trusts","nyse"
"ZTS","Zoetis Inc.","16200000000","Health Care","Major Pharmaceuticals","nyse"
"ZZ","Sealy Corporation","232417516.5","Consumer Durables","Home Furnishings","nyse"
"ZZC","Sealy Corporation","0","Consumer Durables","Home Furnishings","nyse"
